Workbook

Sheet Customer Data
A1: Customer ID | B1: Customer Name | C1: Segment | D1: Tenure (Months) | E1: Monthly Spend ($) | F1: Support Tickets | G1: Last Login (Days Ago) | H1: Contract Type | I1: NPS Score | J1: Payment Failures | K1: Churn Risk Score | L1: Status
A2: CUST-1001 | B2: Apex Corp | C2: Enterprise | D2: 4 | E2: 3759.44 | F2: 7 | G2: 28 | H2: Annual | I2: 8 | J2: 0 | K2: 25 | L2: Retained
A3: CUST-1002 | B3: BlueSky Ltd | C3: Enterprise | D3: 55 | E3: 352.56 | F3: 2 | G3: 27 | H3: Annual | I3: 5 | J3: 4 | K3: 31 | L3: Retained
A4: CUST-1003 | B4: Crestline Inc | C4: Enterprise | D4: 72 | E4: 1154.42 | F4: 13 | G4: 28 | H4: Monthly | I4: 6 | J4: 2 | K4: 34 | L4: Retained
A5: CUST-1004 | B5: Delta Systems | C5: Enterprise | D5: 21 | E5: 3551.07 | F5: 10 | G5: 35 | H5: Annual | I5: 0 | J5: 2 | K5: 46 | L5: At Risk
A6: CUST-1005 | B6: Echo Partners | C6: Enterprise | D6: 12 | E6: 2023.65 | F6: 11 | G6: 108 | H6: Monthly | I6: 6 | J6: 2 | K6: 60 | L6: At Risk
A7: CUST-1006 | B7: Fusion Tech | C7: Enterprise | D7: 59 | E7: 2773.89 | F7: 12 | G7: 10 | H7: Bi-Annual | I7: 1 | J7: 5 | K7: 51 | L7: At Risk
A8: CUST-1007 | B8: Greenfield Co | C8: Startup | D8: 25 | E8: 3581.94 | F8: 1 | G8: 84 | H8: Annual | I8: 9 | J8: 2 | K8: 38 | L8: Retained
A9: CUST-1008 | B9: Horizon Group | C9: Enterprise | D9: 30 | E9: 4359.12 | F9: 12 | G9: 35 | H9: Monthly | I9: 7 | J9: 2 | K9: 40 | L9: At Risk
A10: CUST-1009 | B10: Ironclad Solutions | C10: SMB | D10: 48 | E10: 1905.3 | F10: 8 | G10: 89 | H10: Bi-Annual | I10: 7 | J10: 0 | K10: 36 | L10: Retained
A11: CUST-1010 | B11: Jasper Enterprises | C11: SMB | D11: 69 | E11: 3699.81 | F11: 5 | G11: 59 | H11: Monthly | I11: 1 | J11: 5 | K11: 52 | L11: At Risk
A12: CUST-1011 | B12: Keystone Digital | C12: SMB | D12: 42 | E12: 4245.69 | F12: 1 | G12: 29 | H12: Annual | I12: 9 | J12: 2 | K12: 22 | L12: Retained
A13: CUST-1012 | B13: Luminary Co | C13: Consumer | D13: 35 | E13: 517.71 | F13: 10 | G13: 27 | H13: Bi-Annual | I13: 4 | J13: 3 | K13: 41 | L13: At Risk
... A31: CUST-1030 | B31: Delphi Networks | C31: Enterprise | D31: 8 | E31: 2132.58 | F31: 10 | G31: 102 | H31: Annual | I31: 0 | J31: 1 | K31: 60 | L31: At Risk

Sheet KPI Summary
B2: CUSTOMER CHURN ANALYSIS
B3: Key Performance Indicators · Risk Segmentation · Trend Insights
B4: ▸ VOLUME KPIs
C6: TOTAL CUSTOMERS | F6: CHURNED | I6: AT RISK | L6: RETAINED
C7: ='Customer Data'!A31 -> CUST-1030 | F7: =COUNTIF('Customer Data'!L2:L31,"Churned") -> 2 | I7: =COUNTIF('Customer Data'!L2:L31,"At Risk") -> 20 | L7: =COUNTIF('Customer Data'!L2:L31,"Retained") -> 8
B12: ▸ RATE & QUALITY KPIs
C14: CHURN RATE | F14: RETENTION RATE | I14: AVG RISK SCORE | L14: AVG TENURE (MO)
C15: =COUNTIF('Customer Data'!L2:L31,"Churned")/COUNTA('Customer Data'!L2:L31) -> 0.066666667 | F15: =COUNTIF('Customer Data'!L2:L31,"Retained")/COUNTA('Customer Data'!L2:L31) -> 0.26666667 | I15: =AVERAGE('Customer Data'!K2:K31) -> 50.133333 | L15: =AVERAGE('Customer Data'!D2:D31) -> 36.366667
B20: ▸ RISK BREAKDOWN BY SEGMENT
B21: Segment | C21: Total | D21: Churned | E21: At Risk | F21: Retained | G21: Churn Rate
B22: Enterprise | C22: =COUNTIF('Customer Data'!C2:C31,"Enterprise") -> 10 | D22: =COUNTIFS('Customer Data'!C2:C31,"Enterprise",'Customer Data'!L2:L31,"Churned") -> 0 | E22: =COUNTIFS('Customer Data'!C2:C31,"Enterprise",'Customer Data'!L2:L31,"At Risk") -> 7 | F22: =COUNTIFS('Customer Data'!C2:C31,"Enterprise",'Customer Data'!L2:L31,"Retained") -> 3 | G22: =IF(C22=0,0,D22/C22) -> 0
B23: SMB | C23: =COUNTIF('Customer Data'!C2:C31,"SMB") -> 7 | D23: =COUNTIFS('Customer Data'!C2:C31,"SMB",'Customer Data'!L2:L31,"Churned") -> 1 | E23: =COUNTIFS('Customer Data'!C2:C31,"SMB",'Customer Data'!L2:L31,"At Risk") -> 4 | F23: =COUNTIFS('Customer Data'!C2:C31,"SMB",'Customer Data'!L2:L31,"Retained") -> 2 | G23: =IF(C23=0,0,D23/C23) -> 0.14285714
B24: Startup | C24: =COUNTIF('Customer Data'!C2:C31,"Startup") -> 6 | D24: =COUNTIFS('Customer Data'!C2:C31,"Startup",'Customer Data'!L2:L31,"Churned") -> 0 | E24: =COUNTIFS('Customer Data'!C2:C31,"Startup",'Customer Data'!L2:L31,"At Risk") -> 4 | F24: =COUNTIFS('Customer Data'!C2:C31,"Startup",'Customer Data'!L2:L31,"Retained") -> 2 | G24: =IF(C24=0,0,D24/C24) -> 0
B25: Consumer | C25: =COUNTIF('Customer Data'!C2:C31,"Consumer") -> 7 | D25: =COUNTIFS('Customer Data'!C2:C31,"Consumer",'Customer Data'!L2:L31,"Churned") -> 1 | E25: =COUNTIFS('Customer Data'!C2:C31,"Consumer",'Customer Data'!L2:L31,"At Risk") -> 5 | F25: =COUNTIFS('Customer Data'!C2:C31,"Consumer",'Customer Data'!L2:L31,"Retained") -> 1 | G25: =IF(C25=0,0,D25/C25) -> 0.14285714

Sheet High-Risk Customers
B2: ⚠ HIGH-RISK CUSTOMER WATCHLIST
B3: Customers with Churn Risk Score ≥ 40 · Prioritise for Retention Outreach
B5: # | C5: Customer ID | D5: Customer Name | E5: Segment | F5: Tenure (Mo.) | G5: Monthly Spend | H5: Support Tickets | I5: Days Since Login | J5: NPS Score | K5: Payment Failures | L5: Risk Score | M5: Priority
B6: 1 | C6: CUST-1029 | D6: Catalyst Group | E6: Consumer | F6: 46 | G6: 2233.18 | H6: 14 | I6: 110 | J6: -3 | K6: 5 | L6: 86 | M6: CRITICAL
B7: 2 | C7: CUST-1021 | D7: Ultratech | E7: SMB | F7: 11 | G7: 611.14 | H7: 15 | I7: 104 | J7: 9 | K7: 4 | L7: 74 | M7: CRITICAL
B8: 3 | C8: CUST-1026 | D8: Zenith Corp | E8: Enterprise | F8: 30 | G8: 523.52 | H8: 1 | I8: 110 | J8: -2 | K8: 4 | L8: 65 | M8: HIGH
B9: 4 | C9: CUST-1023 | D9: Westgate Inc | E9: Consumer | F9: 28 | G9: 4658.78 | H9: 6 | I9: 91 | J9: 3 | K9: 5 | L9: 64 | M9: HIGH
B10: 5 | C10: CUST-1028 | D10: Beacon Analytics | E10: Consumer | F10: 32 | G10: 3966.17 | H10: 13 | I10: 24 | J10: -2 | K10: 5 | L10: 64 | M10: HIGH
B11: 6 | C11: CUST-1017 | D11: Quantum Labs | E11: Startup | F11: 44 | G11: 735.45 | H11: 13 | I11: 20 | J11: -3 | K11: 5 | L11: 63 | M11: HIGH
B12: 7 | C12: CUST-1018 | D12: Redwood Inc | E12: Startup | F12: 65 | G12: 3857.42 | H12: 3 | I12: 111 | J12: 1 | K12: 5 | L12: 63 | M12: HIGH
B13: 8 | C13: CUST-1019 | D13: Summit Partners | E13: SMB | F13: 20 | G13: 1994.79 | H13: 5 | I13: 69 | J13: -3 | K13: 4 | L13: 63 | M13: HIGH
B14: 9 | C14: CUST-1015 | D14: Orbit Systems | E14: Enterprise | F14: 20 | G14: 3211.74 | H14: 13 | I14: 76 | J14: 3 | K14: 3 | L14: 61 | M14: HIGH
B15: 10 | C15: CUST-1005 | D15: Echo Partners | E15: Enterprise | F15: 12 | G15: 2023.65 | H15: 11 | I15: 108 | J15: 6 | K15: 2 | L15: 60 | M15: HIGH
B16: 11 | C16: CUST-1030 | D16: Delphi Networks | E16: Enterprise | F16: 8 | G16: 2132.58 | H16: 10 | I16: 102 | J16: 0 | K16: 1 | L16: 60 | M16: HIGH
B17: 12 | C17: CUST-1016 | D17: Pinnacle Group | E17: Consumer | F17: 68 | G17: 1406.79 | H17: 0 | I17: 87 | J17: -2 | K17: 5 | L17: 57 | M17: HIGH
... B27: 22 | C27: CUST-1008 | D27: Horizon Group | E27: Enterprise | F27: 30 | G27: 4359.12 | H27: 12 | I27: 35 | J27: 7 | K27: 2 | L27: 40 | M27: HIGH

Sheet Trend Analysis
B2: CHURN TREND ANALYSIS · 12-Month View
B5: Month | C5: Total Customers | D5: New Customers | E5: Churned | F5: Retained | G5: Churn Rate % | H5: Retention Rate %
B6: Jan | C6: 120 | D6: 11 | E6: 8 | F6: 112 | G6: =E6/C6 -> 0.066666667 | H6: =F6/C6 -> 0.93333333
B7: Feb | C7: 123 | D7: 10 | E7: 7 | F7: 116 | G7: =E7/C7 -> 0.056910569 | H7: =F7/C7 -> 0.94308943
B8: Mar | C8: 127 | D8: 13 | E8: 9 | F8: 118 | G8: =E8/C8 -> 0.070866142 | H8: =F8/C8 -> 0.92913386
B9: Apr | C9: 130 | D9: 12 | E9: 11 | F9: 119 | G9: =E9/C9 -> 0.084615385 | H9: =F9/C9 -> 0.91538462
B10: May | C10: 135 | D10: 13 | E10: 10 | F10: 125 | G10: =E10/C10 -> 0.074074074 | H10: =F10/C10 -> 0.92592593
B11: Jun | C11: 138 | D11: 11 | E11: 8 | F11: 130 | G11: =E11/C11 -> 0.057971014 | H11: =F11/C11 -> 0.94202899
B12: Jul | C12: 140 | D12: 14 | E12: 12 | F12: 128 | G12: =E12/C12 -> 0.085714286 | H12: =F12/C12 -> 0.91428571
B13: Aug | C13: 142 | D13: 11 | E13: 9 | F13: 133 | G13: =E13/C13 -> 0.063380282 | H13: =F13/C13 -> 0.93661972
B14: Sep | C14: 145 | D14: 13 | E14: 10 | F14: 135 | G14: =E14/C14 -> 0.068965517 | H14: =F14/C14 -> 0.93103448
B15: Oct | C15: 148 | D15: 14 | E15: 11 | F15: 137 | G15: =E15/C15 -> 0.074324324 | H15: =F15/C15 -> 0.92567568
B16: Nov | C16: 150 | D16: 10 | E16: 8 | F16: 142 | G16: =E16/C16 -> 0.053333333 | H16: =F16/C16 -> 0.94666667
B17: Dec | C17: 153 | D17: 12 | E17: 9 | F17: 144 | G17: =E17/C17 -> 0.058823529 | H17: =F17/C17 -> 0.94117647

Sheet Segmentation
B2: CUSTOMER SEGMENTATION · Risk by Segment & Contract
B4: ▸ RISK DISTRIBUTION BY SEGMENT
B5: Segment | C5: Critical Risk (≥70) | D5: High Risk (40-69) | E5: Low Risk (<40) | F5: Avg Spend ($) | G5: Avg NPS
B6: Enterprise | C6: =COUNTIFS('Customer Data'!C2:C31,"Enterprise",'Customer Data'!K2:K31,">="&70) -> 0 | D6: =COUNTIFS('Customer Data'!C2:C31,"Enterprise",'Customer Data'!K2:K31,">="&40,'Customer Data'!K2:K31,"<"&70) -> 7 | E6: =COUNTIFS('Customer Data'!C2:C31,"Enterprise",'Customer Data'!K2:K31,"<"&40) -> 3 | F6: =AVERAGEIF('Customer Data'!C2:C31,"Enterprise",'Customer Data'!E2:E31) -> 2384.199 | G6: =AVERAGEIF('Customer Data'!C2:C31,"Enterprise",'Customer Data'!I2:I31) -> 3.4
B7: SMB | C7: =COUNTIFS('Customer Data'!C2:C31,"SMB",'Customer Data'!K2:K31,">="&70) -> 1 | D7: =COUNTIFS('Customer Data'!C2:C31,"SMB",'Customer Data'!K2:K31,">="&40,'Customer Data'!K2:K31,"<"&70) -> 4 | E7: =COUNTIFS('Customer Data'!C2:C31,"SMB",'Customer Data'!K2:K31,"<"&40) -> 2 | F7: =AVERAGEIF('Customer Data'!C2:C31,"SMB",'Customer Data'!E2:E31) -> 2747.8029 | G7: =AVERAGEIF('Customer Data'!C2:C31,"SMB",'Customer Data'!I2:I31) -> 5.8571429
B8: Startup | C8: =COUNTIFS('Customer Data'!C2:C31,"Startup",'Customer Data'!K2:K31,">="&70) -> 0 | D8: =COUNTIFS('Customer Data'!C2:C31,"Startup",'Customer Data'!K2:K31,">="&40,'Customer Data'!K2:K31,"<"&70) -> 4 | E8: =COUNTIFS('Customer Data'!C2:C31,"Startup",'Customer Data'!K2:K31,"<"&40) -> 2 | F8: =AVERAGEIF('Customer Data'!C2:C31,"Startup",'Customer Data'!E2:E31) -> 2668.3883 | G8: =AVERAGEIF('Customer Data'!C2:C31,"Startup",'Customer Data'!I2:I31) -> 0.66666667
B9: Consumer | C9: =COUNTIFS('Customer Data'!C2:C31,"Consumer",'Customer Data'!K2:K31,">="&70) -> 1 | D9: =COUNTIFS('Customer Data'!C2:C31,"Consumer",'Customer Data'!K2:K31,">="&40,'Customer Data'!K2:K31,"<"&70) -> 5 | E9: =COUNTIFS('Customer Data'!C2:C31,"Consumer",'Customer Data'!K2:K31,"<"&40) -> 1 | F9: =AVERAGEIF('Customer Data'!C2:C31,"Consumer",'Customer Data'!E2:E31) -> 2313.09 | G9: =AVERAGEIF('Customer Data'!C2:C31,"Consumer",'Customer Data'!I2:I31) -> 0.42857143
B12: ▸ RISK DISTRIBUTION BY CONTRACT TYPE
B13: Contract Type | C13: Critical Risk (≥70) | D13: High Risk (40-69) | E13: Low Risk (<40) | F13: Avg Spend ($) | G13: Avg NPS
B14: Annual | C14: =COUNTIFS('Customer Data'!H2:H31,"Annual",'Customer Data'!K2:K31,">="&70) -> 1 | D14: =COUNTIFS('Customer Data'!H2:H31,"Annual",'Customer Data'!K2:K31,">="&40,'Customer Data'!K2:K31,"<"&70) -> 6 | E14: =COUNTIFS('Customer Data'!H2:H31,"Annual",'Customer Data'!K2:K31,"<"&40) -> 5 | F14: =AVERAGEIF('Customer Data'!H2:H31,"Annual",'Customer Data'!E2:E31) -> 3030.4542 | G14: =AVERAGEIF('Customer Data'!H2:H31,"Annual",'Customer Data'!I2:I31) -> 3.8333333
B15: Monthly | C15: =COUNTIFS('Customer Data'!H2:H31,"Monthly",'Customer Data'!K2:K31,">="&70) -> 0 | D15: =COUNTIFS('Customer Data'!H2:H31,"Monthly",'Customer Data'!K2:K31,">="&40,'Customer Data'!K2:K31,"<"&70) -> 7 | E15: =COUNTIFS('Customer Data'!H2:H31,"Monthly",'Customer Data'!K2:K31,"<"&40) -> 2 | F15: =AVERAGEIF('Customer Data'!H2:H31,"Monthly",'Customer Data'!E2:E31) -> 2153.98 | G15: =AVERAGEIF('Customer Data'!H2:H31,"Monthly",'Customer Data'!I2:I31) -> 1.7777778
B16: Bi-Annual | C16: =COUNTIFS('Customer Data'!H2:H31,"Bi-Annual",'Customer Data'!K2:K31,">="&70) -> 1 | D16: =COUNTIFS('Customer Data'!H2:H31,"Bi-Annual",'Customer Data'!K2:K31,">="&40,'Customer Data'!K2:K31,"<"&70) -> 7 | E16: =COUNTIFS('Customer Data'!H2:H31,"Bi-Annual",'Customer Data'!K2:K31,"<"&40) -> 1 | F16: =AVERAGEIF('Customer Data'!H2:H31,"Bi-Annual",'Customer Data'!E2:E31) -> 2169.7 | G16: =AVERAGEIF('Customer Data'!H2:H31,"Bi-Annual",'Customer Data'!I2:I31) -> 2.2222222
B20: ▸ OVERALL STATUS DISTRIBUTION
B21: Churned | C21: =COUNTIF('Customer Data'!L2:L31,"Churned") -> 2
B22: At Risk | C22: =COUNTIF('Customer Data'!L2:L31,"At Risk") -> 20
B23: Retained | C23: =COUNTIF('Customer Data'!L2:L31,"Retained") -> 8
